Index,Aspect_Outer,Aspect_Inner
0,0.4423076923076923,0.07692307692307693
1,0.4423076923076923,0.07692307692307693
2,0.5098039215686274,0.09803921568627451
3,0.5510204081632653,0.10204081632653061
4,0.6170212765957447,0.10638297872340426
5,0.6304347826086957,0.13043478260869565
6,0.4782608695652174,0.08695652173913043
7,0.36,0.02
8,0.3877551020408163,0.02040816326530612
9,0.4,0.04
10,0.34,0.0
11,0.32,0.02
12,0.29411764705882354,0.0196078431372549
13,0.29411764705882354,0.0196078431372549
14,0.34615384615384615,0.038461538461538464
15,0.37735849056603776,0.05660377358490566
16,0.4528301886792453,0.09433962264150944
17,0.5098039215686274,0.13725490196078433
18,0.4807692307692308,0.11538461538461539
19,0.4423076923076923,0.09615384615384616
20,0.4528301886792453,0.11320754716981132
21,0.4716981132075472,0.1320754716981132
22,0.5094339622641509,0.1320754716981132
23,0.5384615384615384,0.15384615384615385
24,0.5192307692307693,0.15384615384615385
25,0.48,0.12
26,0.4166666666666667,0.041666666666666664
27,0.3673469387755102,0.04081632653061224
28,0.3958333333333333,0.020833333333333332
29,0.42,0.04
30,0.46,0.06
31,0.46938775510204084,0.061224489795918366
32,0.4489795918367347,0.04081632653061224
33,0.4166666666666667,0.041666666666666664
34,0.3958333333333333,0.041666666666666664
35,0.3877551020408163,0.02040816326530612
36,0.3877551020408163,0.02040816326530612
37,0.4,0.04
38,0.44,0.06
39,0.47058823529411764,0.0784313725490196
40,0.47058823529411764,0.0784313725490196
41,0.43137254901960786,0.058823529411764705
42,0.45098039215686275,0.058823529411764705
43,0.36538461538461536,0.019230769230769232
44,0.3,0.02
45,0.28,0.02
46,0.29411764705882354,0.0196078431372549
47,0.3076923076923077,0.0
48,0.37254901960784315,0.058823529411764705
49,0.43137254901960786,0.09803921568627451
50,0.46,0.1
51,0.5306122448979592,0.12244897959183673
52,0.5217391304347826,0.10869565217391304
53,0.3541666666666667,0.020833333333333332
54,0.3617021276595745,0.02127659574468085
55,0.3541666666666667,0.020833333333333332
56,0.3541666666666667,0.020833333333333332
57,0.3877551020408163,0.02040816326530612
58,0.3958333333333333,0.0625
59,0.3673469387755102,0.04081632653061224
60,0.32653061224489793,0.02040816326530612
61,0.30612244897959184,0.02040816326530612
62,0.4,0.04
63,0.4230769230769231,0.07692307692307693
64,0.40384615384615385,0.07692307692307693
65,0.40384615384615385,0.07692307692307693
66,0.40384615384615385,0.057692307692307696
67,0.40384615384615385,0.07692307692307693
68,0.43137254901960786,0.0784313725490196
69,0.4423076923076923,0.09615384615384616
70,0.4423076923076923,0.07692307692307693
71,0.46153846153846156,0.11538461538461539
72,0.4230769230769231,0.07692307692307693
73,0.43137254901960786,0.0784313725490196
74,0.43137254901960786,0.0784313725490196
75,0.46,0.06
76,0.3541666666666667,0.041666666666666664
77,0.3125,0.020833333333333332
78,0.30612244897959184,0.02040816326530612
79,0.3469387755102041,0.02040816326530612
80,0.39215686274509803,0.058823529411764705
81,0.4489795918367347,0.08163265306122448
82,0.4,0.06
83,0.3877551020408163,0.061224489795918366
84,0.4,0.04
85,0.3877551020408163,0.061224489795918366
86,0.3877551020408163,0.04081632653061224
87,0.3958333333333333,0.041666666666666664
88,0.3958333333333333,0.0625
89,0.3958333333333333,0.0625
90,0.375,0.041666666666666664
91,0.3958333333333333,0.041666666666666664
92,0.3829787234042553,0.0425531914893617
93,0.375,0.041666666666666664
94,0.375,0.041666666666666664
95,0.3617021276595745,0.0425531914893617
96,0.3829787234042553,0.02127659574468085
97,0.375,0.041666666666666664
98,0.3877551020408163,0.04081632653061224
99,0.38,0.04
100,0.35294117647058826,0.0392156862745098
101,0.39215686274509803,0.058823529411764705
102,0.4117647058823529,0.0784313725490196
103,0.43137254901960786,0.09803921568627451
104,0.43137254901960786,0.09803921568627451
105,0.4230769230769231,0.11538461538461539
106,0.40384615384615385,0.09615384615384616
107,0.34,0.04
108,0.27450980392156865,0.0196078431372549
109,0.25,0.019230769230769232
110,0.2549019607843137,0.0196078431372549
111,0.22641509433962265,0.018867924528301886
112,0.24,0.02
113,0.23529411764705882,0.0196078431372549
114,0.2549019607843137,0.0196078431372549
115,0.28846153846153844,0.019230769230769232
116,0.37254901960784315,0.0392156862745098
117,0.4117647058823529,0.0784313725490196
118,0.4489795918367347,0.08163265306122448
119,0.4489795918367347,0.08163265306122448
120,0.43137254901960786,0.0784313725490196
121,0.4117647058823529,0.0784313725490196
122,0.42,0.08
123,0.4117647058823529,0.0784313725490196
124,0.42,0.08
125,0.42,0.08
126,0.4117647058823529,0.09803921568627451
127,0.4117647058823529,0.09803921568627451
128,0.4117647058823529,0.09803921568627451
129,0.39215686274509803,0.0784313725490196
130,0.36538461538461536,0.057692307692307696
131,0.37735849056603776,0.07547169811320754
132,0.38461538461538464,0.07692307692307693
133,0.4230769230769231,0.07692307692307693
134,0.47058823529411764,0.09803921568627451
135,0.48,0.08
136,0.32,0.04
137,0.3,0.02
138,0.35294117647058826,0.0392156862745098
139,0.43137254901960786,0.058823529411764705
140,0.47058823529411764,0.058823529411764705
141,0.43137254901960786,0.0784313725490196
142,0.44,0.08
143,0.44,0.08
144,0.46938775510204084,0.08163265306122448
145,0.4791666666666667,0.08333333333333333
146,0.4583333333333333,0.0625
147,0.425531914893617,0.06382978723404255
148,0.4166666666666667,0.0625
149,0.4166666666666667,0.0625
150,0.4166666666666667,0.041666666666666664
151,0.40816326530612246,0.04081632653061224
152,0.40816326530612246,0.061224489795918366
153,0.4375,0.08333333333333333
154,0.3958333333333333,0.041666666666666664
155,0.3404255319148936,0.02127659574468085
156,0.3541666666666667,0.020833333333333332
157,0.425531914893617,0.06382978723404255
158,0.5208333333333334,0.08333333333333333
159,0.5531914893617021,0.10638297872340426
160,0.5208333333333334,0.10416666666666667
161,0.5319148936170213,0.14893617021276595
162,0.5319148936170213,0.1276595744680851
163,0.5106382978723404,0.1276595744680851
164,0.5416666666666666,0.14583333333333334
165,0.5957446808510638,0.1702127659574468
166,0.6170212765957447,0.1702127659574468
167,0.5833333333333334,0.16666666666666666
168,0.5416666666666666,0.125
169,0.4897959183673469,0.10204081632653061
170,0.4791666666666667,0.08333333333333333
171,0.4583333333333333,0.08333333333333333
172,0.46,0.1
173,0.48,0.08
174,0.44,0.1
175,0.4489795918367347,0.08163265306122448
176,0.4489795918367347,0.08163265306122448
177,0.4583333333333333,0.0625
178,0.4897959183673469,0.10204081632653061
179,0.5957446808510638,0.1702127659574468
180,0.6304347826086957,0.21739130434782608
181,0.6666666666666666,0.24444444444444444
182,0.6304347826086957,0.21739130434782608
183,0.5652173913043478,0.15217391304347827
184,0.5,0.08695652173913043
185,0.48936170212765956,0.0851063829787234
186,0.5106382978723404,0.1276595744680851
187,0.5555555555555556,0.1111111111111111
188,0.43478260869565216,0.06521739130434782
189,0.3617021276595745,0.02127659574468085
190,0.3191489361702128,0.02127659574468085
191,0.3191489361702128,0.02127659574468085
192,0.3125,0.020833333333333332
193,0.3673469387755102,0.02040816326530612
194,0.4489795918367347,0.061224489795918366
195,0.4897959183673469,0.061224489795918366
196,0.48,0.08
197,0.48,0.1
198,0.4897959183673469,0.061224489795918366
199,0.44,0.08
200,0.42,0.06
201,0.42,0.08
202,0.4489795918367347,0.061224489795918366
203,0.5,0.08333333333333333
204,0.46938775510204084,0.08163265306122448
205,0.3877551020408163,0.02040816326530612
206,0.26,0.02
207,0.26,0.02
208,0.28,0.02
209,0.34,0.02
210,0.4489795918367347,0.08163265306122448
211,0.4897959183673469,0.10204081632653061
212,0.4897959183673469,0.10204081632653061
213,0.4791666666666667,0.10416666666666667
214,0.4489795918367347,0.10204081632653061
215,0.4489795918367347,0.08163265306122448
216,0.4489795918367347,0.08163265306122448
217,0.4375,0.08333333333333333
218,0.42,0.06
219,0.4,0.06
220,0.4,0.04
221,0.4,0.06
222,0.4489795918367347,0.08163265306122448
223,0.5106382978723404,0.10638297872340426
224,0.5106382978723404,0.10638297872340426
225,0.48936170212765956,0.0851063829787234
226,0.4375,0.0625
227,0.4489795918367347,0.08163265306122448
228,0.5106382978723404,0.10638297872340426
229,0.3541666666666667,0.041666666666666664
230,0.3125,0.020833333333333332
231,0.3125,0.020833333333333332
232,0.375,0.041666666666666664
233,0.43137254901960786,0.058823529411764705
234,0.45098039215686275,0.0784313725490196
235,0.44,0.08
236,0.4489795918367347,0.08163265306122448
237,0.5652173913043478,0.13043478260869565
238,0.4782608695652174,0.10869565217391304
239,0.3404255319148936,0.02127659574468085
240,0.3191489361702128,0.0
241,0.3541666666666667,0.020833333333333332
242,0.4791666666666667,0.0625
243,0.5833333333333334,0.14583333333333334
244,0.625,0.16666666666666666
245,0.6041666666666666,0.14583333333333334
246,0.5833333333333334,0.14583333333333334
247,0.574468085106383,0.1276595744680851
248,0.5319148936170213,0.14893617021276595
249,0.5,0.10869565217391304
250,0.46808510638297873,0.0851063829787234
251,0.48936170212765956,0.0851063829787234
252,0.45652173913043476,0.06521739130434782
253,0.375,0.041666666666666664
254,0.3541666666666667,0.0
255,0.3617021276595745,0.02127659574468085
256,0.4,0.022222222222222223
257,0.3695652173913043,0.021739130434782608
258,0.4222222222222222,0.022222222222222223
259,0.4666666666666667,0.022222222222222223
260,0.5,0.043478260869565216
261,0.6511627906976745,0.13953488372093023
262,0.5333333333333333,0.08888888888888889
263,0.3617021276595745,0.02127659574468085
264,0.3333333333333333,0.020833333333333332
265,0.3125,0.020833333333333332
266,0.3125,0.020833333333333332
267,0.3125,0.020833333333333332
268,0.3333333333333333,0.020833333333333332
269,0.44680851063829785,0.0851063829787234
270,0.46808510638297873,0.0851063829787234
271,0.43478260869565216,0.043478260869565216
272,0.3829787234042553,0.0425531914893617
273,0.391304347826087,0.043478260869565216
274,0.3617021276595745,0.02127659574468085
275,0.3404255319148936,0.02127659574468085
276,0.3125,0.020833333333333332
277,0.3541666666666667,0.041666666666666664
278,0.4489795918367347,0.08163265306122448
279,0.46938775510204084,0.08163265306122448
280,0.46938775510204084,0.08163265306122448
281,0.4489795918367347,0.08163265306122448
282,0.4489795918367347,0.08163265306122448
283,0.4489795918367347,0.08163265306122448
284,0.4375,0.0625
285,0.4166666666666667,0.0625
286,0.4375,0.041666666666666664
287,0.42857142857142855,0.04081632653061224
288,0.4166666666666667,0.0625
289,0.425531914893617,0.0425531914893617
290,0.425531914893617,0.0425531914893617
291,0.4444444444444444,0.044444444444444446
292,0.4444444444444444,0.06666666666666667
293,0.4444444444444444,0.06666666666666667
294,0.4666666666666667,0.06666666666666667
295,0.4888888888888889,0.1111111111111111
296,0.45454545454545453,0.06818181818181818
297,0.32608695652173914,0.021739130434782608
298,0.32608695652173914,0.043478260869565216
299,0.2916666666666667,0.020833333333333332
300,0.3125,0.020833333333333332
301,0.3877551020408163,0.04081632653061224
302,0.5106382978723404,0.0851063829787234
303,0.48936170212765956,0.10638297872340426
304,0.4782608695652174,0.06521739130434782
305,0.4888888888888889,0.06666666666666667
306,0.4888888888888889,0.06666666666666667
307,0.4883720930232558,0.06976744186046512
308,0.4772727272727273,0.06818181818181818
309,0.4666666666666667,0.06666666666666667
310,0.4782608695652174,0.06521739130434782
311,0.48936170212765956,0.06382978723404255
312,0.5106382978723404,0.10638297872340426
313,0.5319148936170213,0.1276595744680851
314,0.5,0.10416666666666667
315,0.5,0.10416666666666667
316,0.4897959183673469,0.10204081632653061
317,0.46808510638297873,0.0851063829787234
318,0.4583333333333333,0.08333333333333333
319,0.4375,0.0625
320,0.4375,0.0625
321,0.4375,0.0625
322,0.4583333333333333,0.0625
323,0.4375,0.08333333333333333
324,0.5106382978723404,0.10638297872340426
325,0.5416666666666666,0.10416666666666667
326,0.5641025641025641,0.20512820512820512
327,0.5384615384615384,0.1794871794871795
328,0.5526315789473685,0.13157894736842105
329,0.5675675675675675,0.13513513513513514
330,0.5833333333333334,0.1388888888888889
331,0.5714285714285714,0.14285714285714285
332,0.5555555555555556,0.1111111111111111
333,0.5555555555555556,0.1111111111111111
334,0.5277777777777778,0.08333333333333333
335,0.5135135135135135,0.10810810810810811
336,0.5,0.10526315789473684
337,0.5384615384615384,0.15384615384615385
338,0.5897435897435898,0.20512820512820512
339,0.525,0.15
340,0.425,0.075
341,0.46153846153846156,0.07692307692307693
342,0.5,0.1
343,0.525,0.15
344,0.5263157894736842,0.13157894736842105
345,0.4,0.05
346,0.46153846153846156,0.05128205128205128
347,0.5263157894736842,0.10526315789473684
348,0.6052631578947368,0.18421052631578946
349,0.625,0.2
350,0.6097560975609756,0.24390243902439024
351,0.6666666666666666,0.2857142857142857
352,0.6904761904761905,0.30952380952380953
353,0.6341463414634146,0.24390243902439024
354,0.475,0.1
355,0.4146341463414634,0.024390243902439025
356,0.38095238095238093,0.023809523809523808
357,0.4186046511627907,0.046511627906976744
358,0.5348837209302325,0.18604651162790697
359,0.5581395348837209,0.20930232558139536
360,0.5813953488372093,0.18604651162790697
361,0.5454545454545454,0.1590909090909091
362,0.5227272727272727,0.18181818181818182
363,0.5454545454545454,0.18181818181818182
364,0.6046511627906976,0.18604651162790697
365,0.6,0.2222222222222222
366,0.6086956521739131,0.2391304347826087
367,0.6170212765957447,0.2765957446808511
368,0.6521739130434783,0.32608695652173914
369,0.6086956521739131,0.30434782608695654
370,0.5777777777777777,0.24444444444444444
371,0.5581395348837209,0.2558139534883721
372,0.5681818181818182,0.22727272727272727
373,0.5555555555555556,0.24444444444444444
374,0.5652173913043478,0.2391304347826087
375,0.5652173913043478,0.2391304347826087
376,0.5555555555555556,0.24444444444444444
377,0.5555555555555556,0.24444444444444444
378,0.5454545454545454,0.25
379,0.5,0.18181818181818182
380,0.36363636363636365,0.045454545454545456
381,0.3333333333333333,0.0
382,0.3333333333333333,0.023809523809523808
383,0.45,0.075
384,0.5121951219512195,0.12195121951219512
385,0.55,0.175
386,0.5365853658536586,0.14634146341463414
387,0.36585365853658536,0.04878048780487805
388,0.38095238095238093,0.047619047619047616
389,0.4523809523809524,0.09523809523809523
390,0.5813953488372093,0.20930232558139536
391,0.6046511627906976,0.20930232558139536
392,0.5952380952380952,0.2619047619047619
393,0.6,0.225
394,0.575,0.2
395,0.5384615384615384,0.1282051282051282
396,0.5,0.1
397,0.5128205128205128,0.1282051282051282
398,0.5,0.175
399,0.5384615384615384,0.20512820512820512
400,0.575,0.225
401,0.5853658536585366,0.2682926829268293
402,0.5813953488372093,0.27906976744186046
403,0.627906976744186,0.3023255813953488
404,0.5777777777777777,0.3111111111111111
405,0.6046511627906976,0.27906976744186046
406,0.5952380952380952,0.23809523809523808
407,0.5476190476190477,0.21428571428571427
408,0.5365853658536586,0.1951219512195122
409,0.575,0.2
410,0.525,0.15
411,0.5,0.1
412,0.4878048780487805,0.0975609756097561
413,0.525,0.15
414,0.55,0.175
415,0.5365853658536586,0.14634146341463414
416,0.575,0.175
417,0.5365853658536586,0.17073170731707318
418,0.525,0.15
419,0.5121951219512195,0.12195121951219512
420,0.5128205128205128,0.10256410256410256
421,0.55,0.125
422,0.525,0.125
423,0.55,0.125
424,0.55,0.175
425,0.5897435897435898,0.20512820512820512
426,0.525,0.175
427,0.475,0.1
428,0.48717948717948717,0.07692307692307693
429,0.475,0.1
430,0.48717948717948717,0.10256410256410256
431,0.5,0.1
432,0.5,0.1
433,0.5,0.1
434,0.5128205128205128,0.1282051282051282
435,0.55,0.175
436,0.575,0.2
437,0.3902439024390244,0.024390243902439025
438,0.38461538461538464,0.02564102564102564
439,0.42105263157894735,0.05263157894736842
440,0.55,0.175
441,0.625,0.275
442,0.6097560975609756,0.2682926829268293
443,0.6097560975609756,0.2682926829268293
444,0.6,0.25
445,0.625,0.275
446,0.6410256410256411,0.28205128205128205
447,0.5128205128205128,0.15384615384615385
448,0.41025641025641024,0.05128205128205128
449,0.4,0.05
450,0.46153846153846156,0.05128205128205128
451,0.5121951219512195,0.12195121951219512
452,0.575,0.175
453,0.5853658536585366,0.21951219512195122
454,0.525,0.175
455,0.35714285714285715,0.023809523809523808
456,0.3333333333333333,0.047619047619047616
457,0.40476190476190477,0.09523809523809523
458,0.5,0.16666666666666666
459,0.5476190476190477,0.21428571428571427
460,0.5238095238095238,0.16666666666666666
461,0.475,0.125
462,0.425,0.05
463,0.43902439024390244,0.07317073170731707
464,0.5365853658536586,0.14634146341463414
465,0.5238095238095238,0.21428571428571427
466,0.5238095238095238,0.19047619047619047
467,0.5714285714285714,0.21428571428571427
468,0.5476190476190477,0.21428571428571427
469,0.5238095238095238,0.19047619047619047
470,0.5348837209302325,0.18604651162790697
471,0.5116279069767442,0.18604651162790697
472,0.5714285714285714,0.21428571428571427
473,0.5952380952380952,0.2619047619047619
474,0.5952380952380952,0.2619047619047619
475,0.6097560975609756,0.2682926829268293
476,0.5238095238095238,0.16666666666666666
477,0.5,0.14285714285714285
478,0.5365853658536586,0.14634146341463414
479,0.5853658536585366,0.24390243902439024
480,0.6097560975609756,0.24390243902439024
481,0.5609756097560976,0.24390243902439024
482,0.5238095238095238,0.19047619047619047
483,0.47619047619047616,0.19047619047619047
484,0.4878048780487805,0.1951219512195122
485,0.525,0.2
486,0.5365853658536586,0.21951219512195122
487,0.575,0.225
488,0.5609756097560976,0.2682926829268293
489,0.5609756097560976,0.2682926829268293
490,0.5609756097560976,0.21951219512195122
491,0.5476190476190477,0.23809523809523808
492,0.5581395348837209,0.20930232558139536
493,0.42,0.1
494,0.5853658536585366,0.21951219512195122
495,0.5641025641025641,0.1794871794871795
496,0.5,0.15
497,0.475,0.1
498,0.48717948717948717,0.10256410256410256
499,0.46153846153846156,0.10256410256410256
500,0.46153846153846156,0.10256410256410256
501,0.425,0.075
502,0.46153846153846156,0.10256410256410256
503,0.475,0.1
504,0.46153846153846156,0.10256410256410256
505,0.48717948717948717,0.10256410256410256
506,0.48717948717948717,0.1282051282051282
507,0.5,0.125
508,0.475,0.125
509,0.48717948717948717,0.1282051282051282
510,0.5,0.15
511,0.5121951219512195,0.14634146341463414
512,0.525,0.125
513,0.525,0.125
514,0.4634146341463415,0.12195121951219512
515,0.475,0.15
516,0.5121951219512195,0.1951219512195122
517,0.5609756097560976,0.21951219512195122
518,0.5476190476190477,0.21428571428571427
519,0.3902439024390244,0.07317073170731707
520,0.34146341463414637,0.04878048780487805
521,0.36585365853658536,0.04878048780487805
522,0.4878048780487805,0.14634146341463414
523,0.5581395348837209,0.23255813953488372
524,0.5952380952380952,0.2619047619047619
525,0.5952380952380952,0.2619047619047619
526,0.5238095238095238,0.19047619047619047
527,0.5121951219512195,0.14634146341463414
528,0.4878048780487805,0.14634146341463414
529,0.5,0.15
530,0.5,0.125
531,0.5,0.1
532,0.475,0.075
533,0.475,0.075
534,0.5121951219512195,0.12195121951219512
535,0.525,0.175
536,0.575,0.225
537,0.5853658536585366,0.2682926829268293
538,0.5714285714285714,0.23809523809523808
539,0.5609756097560976,0.24390243902439024
540,0.55,0.2
541,0.525,0.175
542,0.4878048780487805,0.17073170731707318
543,0.5,0.19047619047619047
544,0.5,0.19047619047619047
545,0.47619047619047616,0.19047619047619047
546,0.4878048780487805,0.17073170731707318
547,0.47619047619047616,0.14285714285714285
548,0.47619047619047616,0.16666666666666666
549,0.4523809523809524,0.16666666666666666
550,0.4634146341463415,0.14634146341463414
551,0.47619047619047616,0.11904761904761904
552,0.47619047619047616,0.16666666666666666
553,0.47619047619047616,0.16666666666666666
554,0.5116279069767442,0.18604651162790697
555,0.5813953488372093,0.2558139534883721
556,0.6363636363636364,0.3181818181818182
557,0.6,0.28888888888888886
558,0.5,0.19047619047619047
559,0.4523809523809524,0.16666666666666666
560,0.4523809523809524,0.14285714285714285
561,0.4523809523809524,0.14285714285714285
562,0.4634146341463415,0.17073170731707318
563,0.47619047619047616,0.16666666666666666
564,0.4523809523809524,0.16666666666666666
565,0.47619047619047616,0.16666666666666666
566,0.47619047619047616,0.16666666666666666
567,0.47619047619047616,0.14285714285714285
568,0.5121951219512195,0.17073170731707318
569,0.5121951219512195,0.17073170731707318
570,0.5121951219512195,0.1951219512195122
571,0.4878048780487805,0.1951219512195122
572,0.5121951219512195,0.1951219512195122
573,0.5121951219512195,0.17073170731707318
574,0.5121951219512195,0.14634146341463414
575,0.5,0.175
576,0.5263157894736842,0.15789473684210525
577,0.5405405405405406,0.16216216216216217
578,0.5526315789473685,0.15789473684210525
579,0.5263157894736842,0.13157894736842105
580,0.48717948717948717,0.10256410256410256
581,0.48717948717948717,0.10256410256410256
582,0.5,0.125
583,0.55,0.125
584,0.6,0.2
585,0.575,0.2
586,0.5365853658536586,0.17073170731707318
587,0.525,0.175
588,0.4878048780487805,0.12195121951219512
589,0.5,0.15
590,0.4878048780487805,0.14634146341463414
591,0.5238095238095238,0.19047619047619047
592,0.5227272727272727,0.1590909090909091
593,0.4888888888888889,0.15555555555555556
594,0.4772727272727273,0.13636363636363635
595,0.4222222222222222,0.13333333333333333
596,0.45454545454545453,0.13636363636363635
597,0.4444444444444444,0.13333333333333333
598,0.4666666666666667,0.15555555555555556
599,0.37777777777777777,0.06666666666666667
600,0.3111111111111111,0.022222222222222223
601,0.30434782608695654,0.0
602,0.32608695652173914,0.0
603,0.32608695652173914,0.021739130434782608
604,0.34782608695652173,0.021739130434782608
605,0.37777777777777777,0.022222222222222223
606,0.4222222222222222,0.08888888888888889
607,0.4444444444444444,0.1111111111111111
608,0.4888888888888889,0.17777777777777778
609,0.5,0.17391304347826086
610,0.48936170212765956,0.19148936170212766
611,0.5,0.15217391304347827
612,0.4782608695652174,0.17391304347826086
613,0.4222222222222222,0.08888888888888889
614,0.3111111111111111,0.022222222222222223
615,0.3333333333333333,0.0
616,0.38636363636363635,0.022727272727272728
617,0.5,0.09523809523809523
618,0.4883720930232558,0.11627906976744186
619,0.5365853658536586,0.12195121951219512
620,0.5,0.11904761904761904
621,0.5116279069767442,0.13953488372093023
622,0.5348837209302325,0.16279069767441862
623,0.5813953488372093,0.20930232558139536
624,0.5681818181818182,0.20454545454545456
625,0.5333333333333333,0.2222222222222222
626,0.5454545454545454,0.20454545454545456
627,0.46511627906976744,0.11627906976744186
628,0.4090909090909091,0.06818181818181818
629,0.4090909090909091,0.045454545454545456
630,0.35555555555555557,0.044444444444444446
631,0.36363636363636365,0.022727272727272728
632,0.3409090909090909,0.045454545454545456
633,0.37209302325581395,0.046511627906976744
634,0.4772727272727273,0.11363636363636363
635,0.6136363636363636,0.25
636,0.6,0.26666666666666666
637,0.5869565217391305,0.2391304347826087
638,0.6,0.26666666666666666
639,0.5909090909090909,0.22727272727272727
640,0.4418604651162791,0.09302325581395349
641,0.38095238095238093,0.047619047619047616
642,0.3953488372093023,0.046511627906976744
643,0.4186046511627907,0.06976744186046512
644,0.4772727272727273,0.13636363636363635
645,0.5581395348837209,0.18604651162790697
646,0.5348837209302325,0.20930232558139536
647,0.5813953488372093,0.20930232558139536
648,0.5581395348837209,0.20930232558139536
649,0.5581395348837209,0.20930232558139536
650,0.6046511627906976,0.20930232558139536
651,0.5714285714285714,0.21428571428571427
652,0.5609756097560976,0.1951219512195122
653,0.5121951219512195,0.14634146341463414
654,0.5128205128205128,0.1282051282051282
655,0.4878048780487805,0.0975609756097561
656,0.4634146341463415,0.12195121951219512
657,0.4878048780487805,0.12195121951219512
658,0.5,0.14285714285714285
659,0.47619047619047616,0.14285714285714285
660,0.47619047619047616,0.11904761904761904
661,0.46511627906976744,0.11627906976744186
662,0.5476190476190477,0.19047619047619047
663,0.5365853658536586,0.1951219512195122
664,0.5609756097560976,0.1951219512195122
665,0.5476190476190477,0.16666666666666666
666,0.4358974358974359,0.07692307692307693
667,0.3902439024390244,0.04878048780487805
668,0.3902439024390244,0.04878048780487805
669,0.3953488372093023,0.06976744186046512
670,0.4418604651162791,0.09302325581395349
671,0.46511627906976744,0.11627906976744186
672,0.3953488372093023,0.06976744186046512
673,0.3488372093023256,0.023255813953488372
674,0.3409090909090909,0.022727272727272728
675,0.3409090909090909,0.022727272727272728
676,0.3488372093023256,0.046511627906976744
677,0.37209302325581395,0.046511627906976744
678,0.40476190476190477,0.047619047619047616
679,0.4878048780487805,0.14634146341463414
680,0.575,0.225
681,0.5609756097560976,0.21951219512195122
682,0.55,0.175
683,0.4,0.075
684,0.38095238095238093,0.023809523809523808
685,0.38095238095238093,0.023809523809523808
686,0.43902439024390244,0.0975609756097561
687,0.5121951219512195,0.17073170731707318
688,0.5238095238095238,0.19047619047619047
689,0.5714285714285714,0.2619047619047619
690,0.6190476190476191,0.2857142857142857
691,0.6046511627906976,0.27906976744186046
692,0.5681818181818182,0.2727272727272727
693,0.5238095238095238,0.19047619047619047
694,0.5,0.16666666666666666
695,0.4883720930232558,0.16279069767441862
696,0.4772727272727273,0.1590909090909091
697,0.5116279069767442,0.18604651162790697
698,0.4883720930232558,0.16279069767441862
699,0.47619047619047616,0.16666666666666666
700,0.46511627906976744,0.13953488372093023
701,0.46511627906976744,0.16279069767441862
702,0.46511627906976744,0.16279069767441862
703,0.5,0.14285714285714285
704,0.47619047619047616,0.14285714285714285
705,0.47619047619047616,0.14285714285714285
706,0.4878048780487805,0.14634146341463414
707,0.4523809523809524,0.11904761904761904
708,0.4878048780487805,0.12195121951219512
709,0.4878048780487805,0.14634146341463414
710,0.43902439024390244,0.0975609756097561
711,0.4146341463414634,0.04878048780487805
712,0.3902439024390244,0.04878048780487805
713,0.40476190476190477,0.07142857142857142
714,0.5581395348837209,0.20930232558139536
715,0.5581395348837209,0.23255813953488372
716,0.5581395348837209,0.23255813953488372
717,0.5227272727272727,0.20454545454545456
718,0.5227272727272727,0.20454545454545456
719,0.5348837209302325,0.20930232558139536
720,0.5348837209302325,0.20930232558139536
721,0.5348837209302325,0.18604651162790697
722,0.5348837209302325,0.23255813953488372
723,0.5348837209302325,0.20930232558139536
724,0.5581395348837209,0.20930232558139536
725,0.5454545454545454,0.22727272727272727
726,0.5348837209302325,0.23255813953488372
727,0.5581395348837209,0.23255813953488372
728,0.5454545454545454,0.22727272727272727
729,0.5454545454545454,0.22727272727272727
730,0.5581395348837209,0.23255813953488372
731,0.5581395348837209,0.23255813953488372
732,0.5813953488372093,0.23255813953488372
733,0.5813953488372093,0.23255813953488372
734,0.5714285714285714,0.21428571428571427
735,0.5476190476190477,0.19047619047619047
736,0.5,0.16666666666666666
737,0.5,0.14285714285714285
738,0.5121951219512195,0.17073170731707318
739,0.5,0.19047619047619047
740,0.5,0.19047619047619047
741,0.46511627906976744,0.18604651162790697
742,0.4772727272727273,0.1590909090909091
743,0.5454545454545454,0.20454545454545456
744,0.5714285714285714,0.21428571428571427
745,0.43902439024390244,0.0975609756097561
746,0.3488372093023256,0.046511627906976744
747,0.37209302325581395,0.046511627906976744
748,0.4883720930232558,0.11627906976744186
749,0.5348837209302325,0.20930232558139536
750,0.5227272727272727,0.18181818181818182
751,0.5111111111111111,0.17777777777777778
752,0.4772727272727273,0.1590909090909091
753,0.45454545454545453,0.13636363636363635
754,0.4418604651162791,0.11627906976744186
755,0.46511627906976744,0.13953488372093023
756,0.5,0.13636363636363635
757,0.4772727272727273,0.1590909090909091
758,0.5111111111111111,0.17777777777777778
759,0.5,0.18181818181818182
760,0.4666666666666667,0.15555555555555556
761,0.45454545454545453,0.13636363636363635
762,0.45454545454545453,0.13636363636363635
763,0.4772727272727273,0.13636363636363635
764,0.45454545454545453,0.13636363636363635
765,0.45454545454545453,0.13636363636363635
766,0.45454545454545453,0.13636363636363635
767,0.4772727272727273,0.13636363636363635
768,0.46511627906976744,0.13953488372093023
769,0.4772727272727273,0.13636363636363635
770,0.46511627906976744,0.13953488372093023
771,0.4883720930232558,0.13953488372093023
772,0.45454545454545453,0.1590909090909091
773,0.46511627906976744,0.11627906976744186
774,0.46511627906976744,0.13953488372093023
775,0.45454545454545453,0.11363636363636363
776,0.4883720930232558,0.13953488372093023
777,0.46511627906976744,0.11627906976744186
778,0.4418604651162791,0.11627906976744186
779,0.46511627906976744,0.11627906976744186
780,0.47619047619047616,0.11904761904761904
781,0.5121951219512195,0.12195121951219512
782,0.55,0.125
783,0.5365853658536586,0.14634146341463414
784,0.6,0.15
785,0.6341463414634146,0.1951219512195122
786,0.6829268292682927,0.2926829268292683
787,0.6829268292682927,0.2682926829268293
788,0.6097560975609756,0.21951219512195122
789,0.43902439024390244,0.04878048780487805
790,0.40476190476190477,0.023809523809523808
791,0.38095238095238093,0.023809523809523808
792,0.43902439024390244,0.07317073170731707
793,0.5,0.11904761904761904
794,0.5348837209302325,0.18604651162790697
795,0.5476190476190477,0.21428571428571427
796,0.4878048780487805,0.17073170731707318
797,0.3902439024390244,0.07317073170731707
798,0.3488372093023256,0.023255813953488372
799,0.3409090909090909,0.022727272727272728
800,0.3488372093023256,0.023255813953488372
801,0.38636363636363635,0.022727272727272728
802,0.40476190476190477,0.023809523809523808
803,0.42857142857142855,0.07142857142857142
804,0.5238095238095238,0.14285714285714285
805,0.5853658536585366,0.24390243902439024
806,0.5609756097560976,0.21951219512195122
807,0.5853658536585366,0.21951219512195122
808,0.6097560975609756,0.21951219512195122
809,0.5714285714285714,0.23809523809523808
810,0.6097560975609756,0.21951219512195122
811,0.6097560975609756,0.2682926829268293
812,0.6097560975609756,0.24390243902439024
813,0.5714285714285714,0.23809523809523808
814,0.5238095238095238,0.16666666666666666
815,0.5,0.11904761904761904
816,0.4878048780487805,0.12195121951219512
817,0.4878048780487805,0.0975609756097561
818,0.5121951219512195,0.12195121951219512
819,0.5897435897435898,0.1794871794871795
820,0.5121951219512195,0.14634146341463414
821,0.475,0.125
822,0.4634146341463415,0.12195121951219512
823,0.4523809523809524,0.11904761904761904
824,0.4878048780487805,0.14634146341463414
825,0.5,0.16666666666666666
826,0.4489795918367347,0.061224489795918366
827,0.44,0.06
828,0.5102040816326531,0.08163265306122448
829,0.4897959183673469,0.08163265306122448
830,0.48,0.1
831,0.4897959183673469,0.08163265306122448
832,0.47058823529411764,0.058823529411764705
833,0.47058823529411764,0.0784313725490196
834,0.43137254901960786,0.058823529411764705
835,0.4230769230769231,0.057692307692307696
836,0.40384615384615385,0.07692307692307693
837,0.41509433962264153,0.07547169811320754
838,0.4339622641509434,0.07547169811320754
839,0.4528301886792453,0.09433962264150944
840,0.4339622641509434,0.11320754716981132
841,0.4716981132075472,0.11320754716981132
842,0.4444444444444444,0.09259259259259259
843,0.4528301886792453,0.11320754716981132
844,0.4444444444444444,0.12962962962962962
845,0.43636363636363634,0.09090909090909091
846,0.4444444444444444,0.09259259259259259
847,0.41818181818181815,0.09090909090909091
848,0.39622641509433965,0.07547169811320754
849,0.39215686274509803,0.058823529411764705
850,0.39215686274509803,0.0392156862745098
851,0.39215686274509803,0.0392156862745098
852,0.36538461538461536,0.038461538461538464
853,0.36538461538461536,0.038461538461538464
854,0.37735849056603776,0.018867924528301886
855,0.37037037037037035,0.07407407407407407
856,0.39622641509433965,0.09433962264150944
857,0.4074074074074074,0.09259259259259259
858,0.4444444444444444,0.09259259259259259
859,0.45454545454545453,0.12727272727272726
860,0.42857142857142855,0.08928571428571429
861,0.43859649122807015,0.14035087719298245
862,0.42857142857142855,0.125
863,0.4107142857142857,0.125
864,0.40350877192982454,0.10526315789473684
865,0.38596491228070173,0.10526315789473684
866,0.38596491228070173,0.10526315789473684
867,0.38596491228070173,0.08771929824561403
868,0.42857142857142855,0.10714285714285714
869,0.43636363636363634,0.12727272727272726
870,0.4716981132075472,0.11320754716981132
871,0.4716981132075472,0.11320754716981132
872,0.46153846153846156,0.11538461538461539
873,0.43137254901960786,0.058823529411764705
874,0.3137254901960784,0.0196078431372549
875,0.34,0.02
876,0.38,0.04
877,0.4,0.02
878,0.4166666666666667,0.020833333333333332
879,0.4166666666666667,0.020833333333333332
880,0.44680851063829785,0.0425531914893617
881,0.4897959183673469,0.08163265306122448
882,0.5102040816326531,0.12244897959183673
883,0.4897959183673469,0.08163265306122448
884,0.3958333333333333,0.020833333333333332
885,0.34,0.02
886,0.3469387755102041,0.02040816326530612
887,0.3673469387755102,0.04081632653061224
888,0.42,0.06
889,0.44,0.1
890,0.44,0.1
891,0.4489795918367347,0.08163265306122448
892,0.4583333333333333,0.08333333333333333
893,0.4375,0.08333333333333333
894,0.46,0.1
895,0.48,0.1
896,0.5,0.12
897,0.52,0.12
898,0.5098039215686274,0.11764705882352941
899,0.52,0.12
900,0.5306122448979592,0.10204081632653061
901,0.5,0.1
902,0.52,0.12
903,0.52,0.12
904,0.54,0.12
905,0.4791666666666667,0.08333333333333333
906,0.3333333333333333,0.020833333333333332
907,0.32608695652173914,0.0
908,0.32608695652173914,0.0
909,0.425531914893617,0.06382978723404255
910,0.5434782608695652,0.10869565217391304
911,0.5531914893617021,0.1276595744680851
912,0.5531914893617021,0.1276595744680851
913,0.5531914893617021,0.1276595744680851
914,0.5531914893617021,0.1276595744680851
915,0.5106382978723404,0.0851063829787234
916,0.43478260869565216,0.06521739130434782
917,0.3125,0.020833333333333332
918,0.2978723404255319,0.0
919,0.34782608695652173,0.021739130434782608
920,0.375,0.020833333333333332
921,0.34782608695652173,0.043478260869565216
922,0.3404255319148936,0.0425531914893617
923,0.3125,0.020833333333333332
924,0.3333333333333333,0.020833333333333332
925,0.30612244897959184,0.0
926,0.32,0.02
927,0.36,0.04
928,0.40816326530612246,0.061224489795918366
929,0.46,0.06
930,0.46,0.08
931,0.44,0.06
932,0.42,0.06
933,0.42,0.08
934,0.42857142857142855,0.08163265306122448
935,0.42,0.08
936,0.43137254901960786,0.058823529411764705
937,0.42,0.08
938,0.42,0.06
939,0.32653061224489793,0.04081632653061224
940,0.2857142857142857,0.0
941,0.30612244897959184,0.0
942,0.30612244897959184,0.0
943,0.30612244897959184,0.0
944,0.30612244897959184,0.02040816326530612
945,0.34,0.02
946,0.42,0.06
947,0.4117647058823529,0.058823529411764705
948,0.4230769230769231,0.057692307692307696
949,0.47058823529411764,0.09803921568627451
950,0.48,0.12
951,0.46,0.12
952,0.48,0.12
953,0.48,0.12
954,0.5098039215686274,0.1568627450980392
955,0.5294117647058824,0.1568627450980392
956,0.5576923076923077,0.23076923076923078
957,0.5769230769230769,0.21153846153846154
958,0.5490196078431373,0.21568627450980393
959,0.5098039215686274,0.1568627450980392
960,0.49019607843137253,0.13725490196078433
961,0.46,0.12
962,0.46153846153846156,0.09615384615384616
963,0.5,0.11538461538461539
964,0.5098039215686274,0.11764705882352941
965,0.5098039215686274,0.09803921568627451
966,0.5,0.08
967,0.5098039215686274,0.11764705882352941
968,0.5490196078431373,0.11764705882352941
969,0.6530612244897959,0.16326530612244897
970,0.6530612244897959,0.20408163265306123
971,0.673469387755102,0.20408163265306123
972,0.6458333333333334,0.16666666666666666
973,0.4791666666666667,0.10416666666666667
974,0.3333333333333333,0.020833333333333332
975,0.3404255319148936,0.0
976,0.3617021276595745,0.0425531914893617
977,0.3829787234042553,0.02127659574468085
978,0.3617021276595745,0.02127659574468085
979,0.375,0.020833333333333332
980,0.3829787234042553,0.02127659574468085
981,0.3958333333333333,0.020833333333333332
982,0.4375,0.041666666666666664
983,0.42857142857142855,0.04081632653061224
984,0.46938775510204084,0.061224489795918366
985,0.4897959183673469,0.08163265306122448
986,0.5,0.08333333333333333
987,0.5102040816326531,0.08163265306122448
988,0.4897959183673469,0.08163265306122448
989,0.46,0.08
990,0.44,0.06
991,0.4489795918367347,0.061224489795918366
992,0.40816326530612246,0.061224489795918366
993,0.3958333333333333,0.041666666666666664
994,0.3469387755102041,0.02040816326530612
995,0.34,0.02
996,0.36,0.04
997,0.4,0.04
998,0.42,0.06
999,0.39215686274509803,0.0392156862745098
